Year,Date,Close,CumulativeClose
2020,2020-01-02,85.94999694824219,85.94999694824219
2020,2020-01-03,84.56999969482422,170.5199966430664
2020,2020-01-06,84.81999969482422,255.33999633789062
2020,2020-01-07,85.08000183105469,340.4199981689453
2020,2020-01-08,85.91999816894531,426.3399963378906
2020,2020-01-09,87.2699966430664,513.609992980957
2020,2020-01-10,87.58999633789062,601.1999893188477
2020,2020-01-13,87.45999908447266,688.6599884033203
2020,2020-01-14,87.98999786376953,776.6499862670898
2020,2020-01-15,88.62000274658203,865.2699890136719
2020,2020-01-16,89.45999908447266,954.7299880981445
2020,2020-01-17,90.12000274658203,1044.8499908447266
2020,2020-01-21,89.61000061035156,1134.4599914550781
2020,2020-01-22,90.12999725341797,1224.589988708496
2020,2020-01-23,89.06999969482422,1313.6599884033203
2020,2020-01-24,88.26000213623047,1401.9199905395508
2020,2020-01-27,86.55999755859375,1488.4799880981445
2020,2020-01-28,87.18000030517578,1575.6599884033203
2020,2020-01-29,87.23999786376953,1662.8999862670898
2020,2020-01-30,84.37999725341797,1747.2799835205078
2020,2020-01-31,82.55999755859375,1829.8399810791016
2020,2020-02-03,82.1500015258789,1911.9899826049805
2020,2020-02-04,83.5199966430664,1995.5099792480469
2020,2020-02-05,84.93000030517578,2080.4399795532227
2020,2020-02-06,84.81999969482422,2165.259979248047
2020,2020-02-07,83.16999816894531,2248.429977416992
2020,2020-02-10,84.43000030517578,2332.859977722168
2020,2020-02-11,85.08999633789062,2417.9499740600586
2020,2020-02-12,85.43000030517578,2503.3799743652344
2020,2020-02-13,85.47000122070312,2588.8499755859375
2020,2020-02-14,85.81999969482422,2674.6699752807617
2020,2020-02-18,84.79000091552734,2759.459976196289
2020,2020-02-19,85.3499984741211,2844.80997467041
2020,2020-02-20,84.33999633789062,2929.149971008301
2020,2020-02-21,85.06999969482422,3014.219970703125
2020,2020-02-24,80.5,3094.719970703125
2020,2020-02-25,77.94999694824219,3172.669967651367
2020,2020-02-26,78.11000061035156,3250.7799682617188
2020,2020-02-27,77.43000030517578,3328.2099685668945
2020,2020-02-28,77.06999969482422,3405.2799682617188
2020,2020-03-02,81.97000122070312,3487.249969482422
2020,2020-03-03,80.31999969482422,3567.569969177246
2020,2020-03-04,84.3499984741211,3651.919967651367
2020,2020-03-05,80.45999908447266,3732.37996673584
2020,2020-03-06,78.55999755859375,3810.9399642944336
2020,2020-03-09,70.75,3881.6899642944336
2020,2020-03-10,72.91000366210938,3954.599967956543
2020,2020-03-11,68.83999633789062,4023.4399642944336
2020,2020-03-12,63.41999816894531,4086.859962463379
2020,2020-03-13,69.19999694824219,4156.059959411621
2020,2020-03-16,64.12999725341797,4220.189956665039
2020,2020-03-17,70.44000244140625,4290.629959106445
2020,2020-03-18,68.87000274658203,4359.499961853027
2020,2020-03-19,65.76000213623047,4425.259963989258
2020,2020-03-20,66.45999908447266,4491.7199630737305
2020,2020-03-23,63.369998931884766,4555.089962005615
2020,2020-03-24,67.0,4622.089962005615
2020,2020-03-25,69.0,4691.089962005615
2020,2020-03-26,73.72000122070312,4764.809963226318
2020,2020-03-27,70.91000366210938,4835.719966888428
2020,2020-03-30,72.66999816894531,4908.389965057373
2020,2020-03-31,71.62000274658203,4980.009967803955
2020,2020-04-01,68.91999816894531,5048.9299659729
2020,2020-04-02,72.29000091552734,5121.219966888428
2020,2020-04-03,70.41999816894531,5191.639965057373
2020,2020-04-06,74.36000061035156,5265.999965667725
2020,2020-04-07,74.02999877929688,5340.0299644470215
2020,2020-04-08,76.69000244140625,5416.719966888428
2020,2020-04-09,78.33000183105469,5495.049968719482
2020,2020-04-13,76.20999908447266,5571.259967803955
2020,2020-04-14,78.83000183105469,5650.08996963501
2020,2020-04-15,77.05000305175781,5727.139972686768
2020,2020-04-16,78.75,5805.889972686768
2020,2020-04-17,79.55000305175781,5885.439975738525
2020,2020-04-20,77.37000274658203,5962.809978485107
2020,2020-04-21,73.75,6036.559978485107
2020,2020-04-22,75.16999816894531,6111.729976654053
2020,2020-04-23,75.08999633789062,6186.819972991943
2020,2020-04-24,75.75,6262.569972991943
2020,2020-04-27,76.25,6338.819972991943
2020,2020-04-28,75.44999694824219,6414.269969940186
2020,2020-04-29,78.72000122070312,6492.989971160889
2020,2020-04-30,76.66000366210938,6569.649974822998
2020,2020-05-01,74.20999908447266,6643.859973907471
2020,2020-05-04,74.55999755859375,6718.419971466064
2020,2020-05-05,76.37000274658203,6794.7899742126465
2020,2020-05-06,77.87000274658203,6872.6599769592285
2020,2020-05-07,78.5,6951.1599769592285
2020,2020-05-08,79.70999908447266,7030.869976043701
2020,2020-05-11,81.2699966430664,7112.139972686768
2020,2020-05-12,79.8499984741211,7191.989971160889
2020,2020-05-13,80.16000366210938,7272.149974822998
2020,2020-05-14,81.63999938964844,7353.7899742126465
2020,2020-05-15,81.58999633789062,7435.379970550537
2020,2020-05-18,83.66000366210938,7519.0399742126465
2020,2020-05-19,81.97000122070312,7601.00997543335
2020,2020-05-20,81.70999908447266,7682.719974517822
2020,2020-05-21,80.75,7763.469974517822
2020,2020-05-22,84.9800033569336,7848.449977874756
2020,2020-05-26,86.12999725341797,7934.579975128174
2020,2020-05-27,86.18000030517578,8020.75997543335
2020,2020-05-28,86.69000244140625,8107.449977874756
2020,2020-05-29,88.13999938964844,8195.589977264404
2020,2020-06-01,89.91000366210938,8285.499980926514
2020,2020-06-02,90.29000091552734,8375.789981842041
2020,2020-06-03,90.48999786376953,8466.27997970581
2020,2020-06-04,91.13999938964844,8557.419979095459
2020,2020-06-05,90.37999725341797,8647.799976348877
2020,2020-06-08,90.29000091552734,8738.089977264404
2020,2020-06-09,89.7699966430664,8827.85997390747
2020,2020-06-10,89.80999755859375,8917.669971466064
2020,2020-06-11,85.02999877929688,9002.699970245361
2020,2020-06-12,86.11000061035156,9088.809970855713
2020,2020-06-15,86.95999908447266,9175.769969940186
2020,2020-06-16,87.44000244140625,9263.209972381592
2020,2020-06-17,87.91999816894531,9351.129970550537
2020,2020-06-18,88.20999908447266,9439.33996963501
2020,2020-06-19,88.7300033569336,9528.069972991943
2020,2020-06-22,88.52999877929688,9616.59997177124
2020,2020-06-23,89.27999877929688,9705.879970550537
2020,2020-06-24,86.55999755859375,9792.43996810913
2020,2020-06-25,87.26000213623047,9879.699970245361
2020,2020-06-26,85.9000015258789,9965.59997177124
2020,2020-06-29,87.29000091552734,10052.889972686768
2020,2020-06-30,88.37000274658203,10141.25997543335
2020,2020-07-01,88.11000061035156,10229.369976043701
2020,2020-07-02,88.68000030517578,10318.049976348877
2020,2020-07-06,89.30999755859375,10407.35997390747
2020,2020-07-07,89.20999908447266,10496.569972991943
2020,2020-07-08,89.54000091552734,10586.10997390747
2020,2020-07-09,89.91999816894531,10676.029972076416
2020,2020-07-10,89.41999816894531,10765.449970245361
2020,2020-07-13,89.26000213623047,10854.709972381592
2020,2020-07-14,90.69000244140625,10945.399974822998
2020,2020-07-15,92.87999725341797,11038.279972076416
2020,2020-07-16,92.86000061035156,11131.139972686768
2020,2020-07-17,94.37000274658203,11225.50997543335
2020,2020-07-20,95.20999908447266,11320.719974517822
2020,2020-07-21,96.0199966430664,11416.739971160889
2020,2020-07-22,96.3499984741211,11513.08996963501
2020,2020-07-23,96.66000366210938,11609.74997329712
2020,2020-07-24,94.80999755859375,11704.559970855713
2020,2020-07-27,97.2699966430664,11801.82996749878
2020,2020-07-28,95.30000305175781,11897.129970550537
2020,2020-07-29,97.0999984741211,11994.229969024658
2020,2020-07-30,95.93000030517578,12090.159969329834
2020,2020-07-31,96.33000183105469,12186.489971160889
2020,2020-08-03,99.08999633789062,12285.57996749878
2020,2020-08-04,97.52999877929688,12383.109966278076
2020,2020-08-05,97.88999938964844,12480.999965667725
2020,2020-08-06,97.44999694824219,12578.449962615967
2020,2020-08-07,97.77999877929688,12676.229961395264
2020,2020-08-10,97.13999938964844,12773.369960784912
2020,2020-08-11,96.30000305175781,12869.66996383667
2020,2020-08-12,97.62999725341797,12967.299961090088
2020,2020-08-13,98.7699966430664,13066.069957733154
2020,2020-08-14,97.37000274658203,13163.439960479736
2020,2020-08-17,97.51000213623047,13260.949962615967
2020,2020-08-18,97.86000061035156,13358.809963226318
2020,2020-08-19,97.95999908447266,13456.769962310791
2020,2020-08-20,97.77999877929688,13554.549961090088
2020,2020-08-21,98.30000305175781,13652.849964141846
2020,2020-08-24,97.5999984741211,13750.449962615967
2020,2020-08-25,98.33999633789062,13848.789958953857
2020,2020-08-26,99.33000183105469,13948.119960784912
2020,2020-08-27,99.0199966430664,14047.139957427979
2020,2020-08-28,99.9000015258789,14147.039958953857
2020,2020-08-31,100.41999816894531,14247.459957122803
2020,2020-09-01,101.12000274658203,14348.579959869385
2020,2020-09-02,103.41999816894531,14451.99995803833
2020,2020-09-03,99.63999938964844,14551.639957427979
2020,2020-09-04,96.83999633789062,14648.47995376587
2020,2020-09-08,95.13999938964844,14743.619953155518
2020,2020-09-09,97.93000030517578,14841.549953460693
2020,2020-09-10,98.56999969482422,14940.119953155518
2020,2020-09-11,98.5999984741211,15038.719951629639
2020,2020-09-14,99.41999816894531,15138.139949798584
2020,2020-09-15,100.37000274658203,15238.509952545166
2020,2020-09-16,99.91999816894531,15338.429950714111
2020,2020-09-17,99.5999984741211,15438.029949188232
2020,2020-09-18,99.37999725341797,15537.40994644165
2020,2020-09-21,98.12999725341797,15635.539943695068
2020,2020-09-22,98.62000274658203,15734.15994644165
2020,2020-09-23,96.91000366210938,15831.06995010376
2020,2020-09-24,96.33999633789062,15927.40994644165
2020,2020-09-25,97.69000244140625,16025.099948883057
2020,2020-09-28,99.51000213623047,16124.609951019287
2020,2020-09-29,100.22000122070312,16224.82995223999
2020,2020-09-30,100.94000244140625,16325.769954681396
2020,2020-10-01,101.22000122070312,16426.9899559021
2020,2020-10-02,100.01000213623047,16526.99995803833
2020,2020-10-05,103.12000274658203,16630.119960784912
2020,2020-10-06,101.62999725341797,16731.74995803833
2020,2020-10-07,103.87999725341797,16835.629955291748
2020,2020-10-08,104.16000366210938,16939.789958953857
2020,2020-10-09,105.76000213623047,17045.549961090088
2020,2020-10-12,105.43000030517578,17150.979961395264
2020,2020-10-13,105.41999816894531,17256.39995956421
2020,2020-10-14,105.05999755859375,17361.459957122803
2020,2020-10-15,105.31999969482422,17466.779956817627
2020,2020-10-16,106.69999694824219,17573.47995376587
2020,2020-10-19,105.48999786376953,17678.96995162964
2020,2020-10-20,105.61000061035156,17784.57995223999
2020,2020-10-21,104.83000183105469,17889.409954071045
2020,2020-10-22,106.7699966430664,17996.17995071411
2020,2020-10-23,106.16999816894531,18102.349948883057
2020,2020-10-26,104.62999725341797,18206.979946136475
2020,2020-10-27,106.04000091552734,18313.019947052002
2020,2020-10-28,101.66000366210938,18414.67995071411
2020,2020-10-29,102.0199966430664,18516.699947357178
2020,2020-10-30,102.08999633789062,18618.78994369507
2020,2020-11-02,105.23999786376953,18724.029941558838
2020,2020-11-03,107.02999877929688,18831.059940338135
2020,2020-11-04,108.48999786376953,18939.549938201904
2020,2020-11-05,110.33999633789062,19049.889934539795
2020,2020-11-06,112.54000091552734,19162.429935455322
2020,2020-11-09,112.5,19274.929935455322
2020,2020-11-10,110.19999694824219,19385.129932403564
2020,2020-11-11,109.41000366210938,19494.539936065674
2020,2020-11-12,109.44000244140625,19603.97993850708
2020,2020-11-13,110.16999816894531,19714.149936676025
2020,2020-11-16,110.2699966430664,19824.41993331909
2020,2020-11-17,109.86000061035156,19934.279933929443
2020,2020-11-18,105.94999694824219,20040.229930877686
2020,2020-11-19,108.68000030517578,20148.90993118286
2020,2020-11-20,110.88999938964844,20259.79993057251
2020,2020-11-23,112.20999908447266,20372.009929656982
2020,2020-11-24,114.68000030517578,20486.68992996216
2020,2020-11-25,114.3499984741211,20601.03992843628
2020,2020-11-27,114.08999633789062,20715.12992477417
2020,2020-11-30,116.9000015258789,20832.02992630005
2020,2020-12-01,115.36000061035156,20947.3899269104
2020,2020-12-02,114.56999969482422,21061.959926605225
2020,2020-12-03,113.58000183105469,21175.53992843628
2020,2020-12-04,115.1500015258789,21290.68992996216
2020,2020-12-07,114.4000015258789,21405.089931488037
2020,2020-12-08,117.01000213623047,21522.099933624268
2020,2020-12-09,116.4000015258789,21638.499935150146
2020,2020-12-10,118.80999755859375,21757.30993270874
2020,2020-12-11,118.4800033569336,21875.789936065674
2020,2020-12-14,116.73999786376953,21992.529933929443
2020,2020-12-15,117.38999938964844,22109.91993331909
2020,2020-12-16,117.23999786376953,22227.15993118286
2020,2020-12-17,118.97000122070312,22346.129932403564
2020,2020-12-18,119.30000305175781,22465.429935455322
2020,2020-12-21,117.77999877929688,22583.20993423462
2020,2020-12-22,117.37000274658203,22700.5799369812
2020,2020-12-23,117.30000305175781,22817.87994003296
2020,2020-12-24,117.30999755859375,22935.189937591553
2020,2020-12-28,117.83000183105469,23053.019939422607
2020,2020-12-29,117.2300033569336,23170.24994277954
2020,2020-12-30,117.38999938964844,23287.63994216919
2020,2020-12-31,118.48999786376953,23406.12994003296
2021,2021-01-04,118.63999938964844,118.63999938964844
2021,2021-01-05,119.61000061035156,238.25
2021,2021-01-06,122.88999938964844,361.13999938964844
2021,2021-01-07,126.16000366210938,487.3000030517578
2021,2021-01-08,127.05999755859375,614.3600006103516
2021,2021-01-11,128.14999389648438,742.5099945068359
2021,2021-01-12,126.97000122070312,869.4799957275391
2021,2021-01-13,126.9800033569336,996.4599990844727
2021,2021-01-14,126.02999877929688,1122.4899978637695
2021,2021-01-15,126.20999908447266,1248.6999969482422
2021,2021-01-19,127.3499984741211,1376.0499954223633
2021,2021-01-20,128.11000061035156,1504.1599960327148
2021,2021-01-21,127.0,1631.1599960327148
2021,2021-01-22,126.33000183105469,1757.4899978637695
2021,2021-01-25,125.4800033569336,1882.9700012207031
2021,2021-01-26,123.91999816894531,2006.8899993896484
2021,2021-01-27,118.80000305175781,2125.6900024414062
2021,2021-01-28,121.55999755859375,2247.25
2021,2021-01-29,120.16999816894531,2367.4199981689453
2021,2021-02-01,120.83000183105469,2488.25
2021,2021-02-02,123.19000244140625,2611.4400024414062
2021,2021-02-03,122.1500015258789,2733.590003967285
2021,2021-02-04,124.06999969482422,2857.6600036621094
2021,2021-02-05,123.18000030517578,2980.840003967285
2021,2021-02-08,123.41000366210938,3104.2500076293945
2021,2021-02-09,123.23999786376953,3227.490005493164
2021,2021-02-10,125.08000183105469,3352.5700073242188
2021,2021-02-11,126.95999908447266,3479.5300064086914
2021,2021-02-12,127.9800033569336,3607.510009765625
2021,2021-02-16,127.94999694824219,3735.460006713867
2021,2021-02-17,130.1199951171875,3865.5800018310547
2021,2021-02-18,127.68000030517578,3993.2600021362305
2021,2021-02-19,126.87000274658203,4120.1300048828125
2021,2021-02-22,123.5,4243.6300048828125
2021,2021-02-23,122.41999816894531,4366.050003051758
2021,2021-02-24,125.0199966430664,4491.069999694824
2021,2021-02-25,122.0999984741211,4613.169998168945
2021,2021-02-26,122.06999969482422,4735.2399978637695
2021,2021-03-01,124.4800033569336,4859.720001220703
2021,2021-03-02,123.63999938964844,4983.360000610352
2021,2021-03-03,119.30000305175781,5102.660003662109
2021,2021-03-04,114.98999786376953,5217.650001525879
2021,2021-03-05,116.13999938964844,5333.790000915527
2021,2021-03-08,116.08000183105469,5449.870002746582
2021,2021-03-09,119.83999633789062,5569.709999084473
2021,2021-03-10,119.98999786376953,5689.699996948242
2021,2021-03-11,121.83000183105469,5811.529998779297
2021,2021-03-12,121.44000244140625,5932.970001220703
2021,2021-03-15,124.04000091552734,6057.0100021362305
2021,2021-03-16,123.0,6180.0100021362305
2021,2021-03-17,122.5199966430664,6302.529998779297
2021,2021-03-18,122.58999633789062,6425.1199951171875
2021,2021-03-19,122.69000244140625,6547.809997558594
2021,2021-03-22,123.61000061035156,6671.419998168945
2021,2021-03-23,121.9800033569336,6793.400001525879
2021,2021-03-24,120.83999633789062,6914.2399978637695
2021,2021-03-25,121.9000015258789,7036.139999389648
2021,2021-03-26,125.63999938964844,7161.779998779297
2021,2021-03-29,125.41999816894531,7287.199996948242
2021,2021-03-30,124.83999633789062,7412.039993286133
2021,2021-03-31,127.13999938964844,7539.179992675781
2021,2021-04-01,127.69000244140625,7666.8699951171875
2021,2021-04-05,130.0,7796.8699951171875
2021,2021-04-06,131.0399932861328,7927.90998840332
2021,2021-04-07,129.33999633789062,8057.249984741211
2021,2021-04-08,130.69000244140625,8187.939987182617
2021,2021-04-09,131.91000366210938,8319.849990844727
2021,2021-04-12,131.27000427246094,8451.119995117188
2021,2021-04-13,132.97000122070312,8584.08999633789
2021,2021-04-14,131.97000122070312,8716.059997558594
2021,2021-04-15,133.27999877929688,8849.33999633789
2021,2021-04-16,134.5800018310547,8983.919998168945
2021,2021-04-19,133.5,9117.419998168945
2021,2021-04-20,132.4600067138672,9249.880004882812
2021,2021-04-21,133.8300018310547,9383.710006713867
2021,2021-04-22,134.52999877929688,9518.240005493164
2021,2021-04-23,136.67999267578125,9654.919998168945
2021,2021-04-26,137.33999633789062,9792.259994506836
2021,2021-04-27,136.47999572753906,9928.739990234375
2021,2021-04-28,134.8000030517578,10063.539993286133
2021,2021-04-29,134.14999389648438,10197.689987182617
2021,2021-04-30,133.63999938964844,10331.329986572266
2021,2021-05-03,133.19000244140625,10464.519989013672
2021,2021-05-04,130.89999389648438,10595.419982910156
2021,2021-05-05,133.3699951171875,10728.789978027344
2021,2021-05-06,132.39999389648438,10861.189971923828
2021,2021-05-07,133.89999389648438,10995.089965820312
2021,2021-05-10,131.8699951171875,11126.9599609375
2021,2021-05-11,131.4199981689453,11258.379959106445
2021,2021-05-12,128.63999938964844,11387.019958496094
2021,2021-05-13,130.02000427246094,11517.039962768555
2021,2021-05-14,131.14999389648438,11648.189956665039
2021,2021-05-17,130.11000061035156,11778.29995727539
2021,2021-05-18,128.75,11907.04995727539
2021,2021-05-19,130.2100067138672,12037.259963989258
2021,2021-05-20,132.14999389648438,12169.409957885742
2021,2021-05-21,132.3000030517578,12301.7099609375
2021,2021-05-24,133.33999633789062,12435.04995727539
2021,2021-05-25,133.22999572753906,12568.27995300293
2021,2021-05-26,133.2899932861328,12701.569946289062
2021,2021-05-27,137.5399932861328,12839.109939575195
2021,2021-05-28,138.1300048828125,12977.239944458008
2021,2021-06-01,137.1999969482422,13114.43994140625
2021,2021-06-02,136.57000732421875,13251.009948730469
2021,2021-06-03,136.3699951171875,13387.379943847656
2021,2021-06-04,137.89999389648438,13525.27993774414
2021,2021-06-07,137.64999389648438,13662.929931640625
2021,2021-06-08,138.75,13801.679931640625
2021,2021-06-09,140.1300048828125,13941.809936523438
2021,2021-06-10,143.05999755859375,14084.869934082031
2021,2021-06-11,143.52999877929688,14228.399932861328
2021,2021-06-14,144.38999938964844,14372.789932250977
2021,2021-06-15,144.6199951171875,14517.409927368164
2021,2021-06-16,143.58999633789062,14660.999923706055
2021,2021-06-17,146.9199981689453,14807.919921875
2021,2021-06-18,145.00999450683594,14952.929916381836
2021,2021-06-21,146.41000366210938,15099.339920043945
2021,2021-06-22,146.6300048828125,15245.969924926758
2021,2021-06-23,147.24000549316406,15393.209930419922
2021,2021-06-24,146.6699981689453,15539.879928588867
2021,2021-06-25,147.27999877929688,15687.159927368164
2021,2021-06-28,147.92999267578125,15835.089920043945
2021,2021-06-29,148.80999755859375,15983.899917602539
2021,2021-06-30,147.80999755859375,16131.709915161133
2021,2021-07-01,147.7899932861328,16279.499908447266
2021,2021-07-02,148.82000732421875,16428.319915771484
2021,2021-07-06,148.97999572753906,16577.299911499023
2021,2021-07-07,149.49000549316406,16726.789916992188
2021,2021-07-08,148.8300018310547,16875.619918823242
2021,2021-07-09,150.02999877929688,17025.64991760254
2021,2021-07-12,149.50999450683594,17175.159912109375
2021,2021-07-13,149.27000427246094,17324.429916381836
2021,2021-07-14,148.6300048828125,17473.05992126465
2021,2021-07-15,148.9600067138672,17622.019927978516
2021,2021-07-16,148.92999267578125,17770.949920654297
2021,2021-07-19,147.5800018310547,17918.52992248535
2021,2021-07-20,149.3000030517578,18067.82992553711
2021,2021-07-21,148.9499969482422,18216.77992248535
2021,2021-07-22,150.3000030517578,18367.07992553711
2021,2021-07-23,152.30999755859375,18519.389923095703
2021,2021-07-26,150.25,18669.639923095703
2021,2021-07-27,149.9499969482422,18819.589920043945
2021,2021-07-28,151.4600067138672,18971.049926757812
2021,2021-07-29,152.6699981689453,19123.719924926758
2021,2021-07-30,153.22999572753906,19276.949920654297
2021,2021-08-02,153.07000732421875,19430.019927978516
2021,2021-08-03,153.86000061035156,19583.879928588867
2021,2021-08-04,154.27000427246094,19738.149932861328
2021,2021-08-05,155.0399932861328,19893.18992614746
2021,2021-08-06,155.6999969482422,20048.889923095703
2021,2021-08-09,156.5399932861328,20205.429916381836
2021,2021-08-10,156.52000427246094,20361.949920654297
2021,2021-08-11,156.52000427246094,20518.469924926758
2021,2021-08-12,158.14999389648438,20676.619918823242
2021,2021-08-13,159.22999572753906,20835.84991455078
2021,2021-08-16,162.07000732421875,20997.919921875
2021,2021-08-17,160.91000366210938,21158.82992553711
2021,2021-08-18,163.02000427246094,21321.84992980957
2021,2021-08-19,167.6699981689453,21489.519927978516
2021,2021-08-20,168.1300048828125,21657.649932861328
2021,2021-08-23,170.0,21827.649932861328
2021,2021-08-24,170.57000732421875,21998.219940185547
2021,2021-08-25,173.3000030517578,22171.519943237305
2021,2021-08-26,173.58999633789062,22345.109939575195
2021,2021-08-27,173.80999755859375,22518.91993713379
2021,2021-08-30,176.72999572753906,22695.649932861328
2021,2021-08-31,175.47000122070312,22871.11993408203
2021,2021-09-01,175.4499969482422,23046.569931030273
2021,2021-09-02,178.02000427246094,23224.589935302734
2021,2021-09-03,179.27999877929688,23403.86993408203
2021,2021-09-07,177.72000122070312,23581.589935302734
2021,2021-09-08,178.72999572753906,23760.319931030273
2021,2021-09-09,177.22999572753906,23937.549926757812
2021,2021-09-10,177.22999572753906,24114.77992248535
2021,2021-09-13,172.0800018310547,24286.859924316406
2021,2021-09-14,172.4199981689453,24459.27992248535
2021,2021-09-15,173.7899932861328,24633.069915771484
2021,2021-09-16,173.27999877929688,24806.34991455078
2021,2021-09-17,173.94000244140625,24980.289916992188
2021,2021-09-20,171.33999633789062,25151.629913330078
2021,2021-09-21,171.44000244140625,25323.069915771484
2021,2021-09-22,172.44000244140625,25495.50991821289
2021,2021-09-23,172.77000427246094,25668.27992248535
2021,2021-09-24,172.39999389648438,25840.679916381836
2021,2021-09-27,166.3800048828125,26007.05992126465
2021,2021-09-28,159.89999389648438,26166.959915161133
2021,2021-09-29,160.0,26326.959915161133
2021,2021-09-30,157.52999877929688,26484.48991394043
2021,2021-10-01,155.99000549316406,26640.479919433594
2021,2021-10-04,152.36000061035156,26792.839920043945
2021,2021-10-05,153.02999877929688,26945.869918823242
2021,2021-10-06,153.64999389648438,27099.519912719727
2021,2021-10-07,155.32000732421875,27254.839920043945
2021,2021-10-08,152.47000122070312,27407.30992126465
2021,2021-10-11,150.02000427246094,27557.32992553711
2021,2021-10-12,147.9499969482422,27705.27992248535
2021,2021-10-13,150.22000122070312,27855.499923706055
2021,2021-10-14,152.58999633789062,28008.089920043945
2021,2021-10-15,153.27000427246094,28161.359924316406
2021,2021-10-18,154.77999877929688,28316.139923095703
2021,2021-10-19,155.6199951171875,28471.75991821289
2021,2021-10-20,157.58999633789062,28629.34991455078
2021,2021-10-21,156.94000244140625,28786.289916992188
2021,2021-10-22,157.97000122070312,28944.25991821289
2021,2021-10-25,158.33999633789062,29102.59991455078
2021,2021-10-26,158.19000244140625,29260.789916992188
2021,2021-10-27,155.25999450683594,29416.049911499023
2021,2021-10-28,155.75999450683594,29571.80990600586
2021,2021-10-29,157.49000549316406,29729.299911499023
2021,2021-11-01,157.05999755859375,29886.359909057617
2021,2021-11-02,157.85000610351562,30044.209915161133
2021,2021-11-03,158.1999969482422,30202.409912109375
2021,2021-11-04,157.64999389648438,30360.05990600586
2021,2021-11-05,156.41000366210938,30516.46990966797
2021,2021-11-08,160.94000244140625,30677.409912109375
2021,2021-11-09,159.80999755859375,30837.21990966797
2021,2021-11-10,159.27999877929688,30996.499908447266
2021,2021-11-11,158.7899932861328,31155.2899017334
2021,2021-11-12,160.8800048828125,31316.16990661621
2021,2021-11-15,157.77999877929688,31473.949905395508
2021,2021-11-16,161.38999938964844,31635.339904785156
2021,2021-11-17,161.5399932861328,31796.87989807129
2021,2021-11-18,162.16000366210938,31959.0399017334
2021,2021-11-19,164.3000030517578,32123.339904785156
2021,2021-11-22,162.77999877929688,32286.119903564453
2021,2021-11-23,154.77999877929688,32440.89990234375
2021,2021-11-24,152.97000122070312,32593.869903564453
2021,2021-11-26,152.07000732421875,32745.939910888672
2021,2021-11-29,153.4199981689453,32899.35990905762
2021,2021-11-30,150.89999389648438,33050.2599029541
2021,2021-12-01,148.2100067138672,33198.46990966797
2021,2021-12-02,150.99000549316406,33349.45991516113
2021,2021-12-03,149.3300018310547,33498.78991699219
2021,2021-12-06,151.47000122070312,33650.25991821289
2021,2021-12-07,153.8000030517578,33804.05992126465
2021,2021-12-08,156.30999755859375,33960.36991882324
2021,2021-12-09,154.61000061035156,34114.979919433594
2021,2021-12-10,156.25999450683594,34271.23991394043
2021,2021-12-13,156.2899932861328,34427.52990722656
2021,2021-12-14,151.8800048828125,34579.409912109375
2021,2021-12-15,154.30999755859375,34733.71990966797
2021,2021-12-16,150.8000030517578,34884.51991271973
2021,2021-12-17,151.4199981689453,35035.93991088867
2021,2021-12-20,150.4199981689453,35186.35990905762
2021,2021-12-21,153.9600067138672,35340.319915771484
2021,2021-12-22,156.77999877929688,35497.09991455078
2021,2021-12-23,157.8000030517578,35654.89991760254
2021,2021-12-27,158.74000549316406,35813.6399230957
2021,2021-12-28,159.17999267578125,35972.819915771484
2021,2021-12-29,160.64999389648438,36133.46990966797
2021,2021-12-30,160.8800048828125,36294.34991455078
2021,2021-12-31,159.64999389648438,36453.999908447266
2022,2022-01-03,156.47999572753906,156.47999572753906
2022,2022-01-04,151.19000244140625,307.6699981689453
2022,2022-01-05,148.60000610351562,456.27000427246094
2022,2022-01-06,149.1199951171875,605.3899993896484
2022,2022-01-07,145.14999389648438,750.5399932861328
2022,2022-01-10,145.16000366210938,895.6999969482422
2022,2022-01-11,146.63999938964844,1042.3399963378906
2022,2022-01-12,149.50999450683594,1191.8499908447266
2022,2022-01-13,145.1699981689453,1337.0199890136719
2022,2022-01-14,144.67999267578125,1481.6999816894531
2022,2022-01-18,140.47000122070312,1622.1699829101562
2022,2022-01-19,140.42999267578125,1762.5999755859375
2022,2022-01-20,139.47999572753906,1902.0799713134766
2022,2022-01-21,137.50999450683594,2039.5899658203125
2022,2022-01-24,138.1199951171875,2177.7099609375
2022,2022-01-25,134.57000732421875,2312.2799682617188
2022,2022-01-26,133.50999450683594,2445.7899627685547
2022,2022-01-27,132.08999633789062,2577.8799591064453
2022,2022-01-28,137.05999755859375,2714.939956665039
2022,2022-01-31,139.32000732421875,2854.259963989258
2022,2022-02-01,141.02999877929688,2995.2899627685547
2022,2022-02-02,144.24000549316406,3139.5299682617188
2022,2022-02-03,141.7899932861328,3281.3199615478516
2022,2022-02-04,141.1199951171875,3422.439956665039
2022,2022-02-07,140.3699951171875,3562.8099517822266
2022,2022-02-08,140.80999755859375,3703.6199493408203
2022,2022-02-09,144.44000244140625,3848.0599517822266
2022,2022-02-10,141.66000366210938,3989.719955444336
2022,2022-02-11,137.1999969482422,4126.919952392578
2022,2022-02-14,135.2100067138672,4262.129959106445
2022,2022-02-15,135.91000366210938,4398.039962768555
2022,2022-02-16,135.14999389648438,4533.189956665039
2022,2022-02-17,130.25,4663.439956665039
2022,2022-02-18,132.0500030517578,4795.489959716797
2022,2022-02-22,130.49000549316406,4925.979965209961
2022,2022-02-23,126.0,5051.979965209961
2022,2022-02-24,128.14999389648438,5180.129959106445
2022,2022-02-25,133.72999572753906,5313.859954833984
2022,2022-02-28,130.36000061035156,5444.219955444336
2022,2022-03-01,131.92999267578125,5576.149948120117
2022,2022-03-02,133.16000366210938,5709.309951782227
2022,2022-03-03,137.1699981689453,5846.479949951172
2022,2022-03-04,133.88999938964844,5980.36994934082
2022,2022-03-07,130.33999633789062,6110.709945678711
2022,2022-03-08,129.32000732421875,6240.02995300293
2022,2022-03-09,133.25999450683594,6373.289947509766
2022,2022-03-10,134.3300018310547,6507.61994934082
2022,2022-03-11,130.30999755859375,6637.929946899414
2022,2022-03-14,127.58000183105469,6765.509948730469
2022,2022-03-15,130.27999877929688,6895.789947509766
2022,2022-03-16,135.0,7030.789947509766
2022,2022-03-17,136.82000732421875,7167.609954833984
2022,2022-03-18,139.1199951171875,7306.729949951172
2022,2022-03-21,138.13999938964844,7444.86994934082
2022,2022-03-22,139.2899932861328,7584.159942626953
2022,2022-03-23,134.17999267578125,7718.339935302734
2022,2022-03-24,136.41000366210938,7854.749938964844
2022,2022-03-25,135.7100067138672,7990.459945678711
2022,2022-03-28,135.4199981689453,8125.879943847656
2022,2022-03-29,138.4199981689453,8264.299942016602
2022,2022-03-30,135.4600067138672,8399.759948730469
2022,2022-03-31,132.3300018310547,8532.089950561523
2022,2022-04-01,133.97000122070312,8666.059951782227
2022,2022-04-04,134.80999755859375,8800.86994934082
2022,2022-04-05,133.25999450683594,8934.129943847656
2022,2022-04-06,132.7100067138672,9066.839950561523
2022,2022-04-07,135.92999267578125,9202.769943237305
2022,2022-04-08,134.8699951171875,9337.639938354492
2022,2022-04-11,131.25999450683594,9468.899932861328
2022,2022-04-12,125.38999938964844,9594.289932250977
2022,2022-04-13,128.2899932861328,9722.57992553711
2022,2022-04-14,126.44000244140625,9849.019927978516
2022,2022-04-18,123.83999633789062,9972.859924316406
2022,2022-04-19,126.52999877929688,10099.389923095703
2022,2022-04-20,129.3699951171875,10228.75991821289
2022,2022-04-21,125.29000091552734,10354.049919128418
2022,2022-04-22,121.31999969482422,10475.369918823242
2022,2022-04-25,121.44999694824219,10596.819915771484
2022,2022-04-26,117.94000244140625,10714.75991821289
2022,2022-04-27,117.68000030517578,10832.439918518066
2022,2022-04-28,121.05999755859375,10953.49991607666
2022,2022-04-29,119.2699966430664,11072.769912719727
2022,2022-05-02,119.56999969482422,11192.33991241455
2022,2022-05-03,122.4000015258789,11314.73991394043
2022,2022-05-04,126.30000305175781,11441.039916992188
2022,2022-05-05,122.1500015258789,11563.189918518066
2022,2022-05-06,121.08000183105469,11684.269920349121
2022,2022-05-09,113.11000061035156,11797.379920959473
2022,2022-05-10,116.63999938964844,11914.019920349121
2022,2022-05-11,113.98999786376953,12028.00991821289
2022,2022-05-12,116.12999725341797,12144.139915466309
2022,2022-05-13,119.37999725341797,12263.519912719727
2022,2022-05-16,120.30000305175781,12383.819915771484
2022,2022-05-17,123.08000183105469,12506.899917602539
2022,2022-05-18,120.79000091552734,12627.689918518066
2022,2022-05-19,122.4000015258789,12750.089920043945
2022,2022-05-20,125.12999725341797,12875.219917297363
2022,2022-05-23,125.9800033569336,13001.199920654297
2022,2022-05-24,124.41000366210938,13125.609924316406
2022,2022-05-25,120.37999725341797,13245.989921569824
2022,2022-05-26,123.8499984741211,13369.839920043945
2022,2022-05-27,130.5500030517578,13500.389923095703
2022,2022-05-31,127.55999755859375,13627.949920654297
2022,2022-06-01,123.08999633789062,13751.039916992188
2022,2022-06-02,129.10000610351562,13880.139923095703
2022,2022-06-03,128.49000549316406,14008.629928588867
2022,2022-06-06,127.62999725341797,14136.259925842285
2022,2022-06-07,128.89999389648438,14265.15991973877
2022,2022-06-08,126.83999633789062,14391.99991607666
2022,2022-06-09,124.13999938964844,14516.139915466309
2022,2022-06-10,120.56999969482422,14636.709915161133
2022,2022-06-13,116.27999877929688,14752.98991394043
2022,2022-06-14,116.01000213623047,14868.99991607666
2022,2022-06-15,116.47000122070312,14985.469917297363
2022,2022-06-16,114.95999908447266,15100.429916381836
2022,2022-06-17,112.70999908447266,15213.139915466309
2022,2022-06-21,113.87999725341797,15327.019912719727
2022,2022-06-22,113.80000305175781,15440.819915771484
2022,2022-06-23,118.5999984741211,15559.419914245605
2022,2022-06-24,121.29000091552734,15680.709915161133
2022,2022-06-27,120.56999969482422,15801.279914855957
2022,2022-06-28,117.05999755859375,15918.33991241455
2022,2022-06-29,117.9000015258789,16036.23991394043
2022,2022-06-30,118.7699966430664,16155.009910583496
2022,2022-07-01,119.20999908447266,16274.219909667969
2022,2022-07-05,120.55999755859375,16394.779907226562
2022,2022-07-06,121.18000030517578,16515.95990753174
2022,2022-07-07,123.1500015258789,16639.109909057617
2022,2022-07-08,122.51000213623047,16761.619911193848
2022,2022-07-11,123.12000274658203,16884.73991394043
2022,2022-07-12,119.23999786376953,17003.9799118042
2022,2022-07-13,118.6500015258789,17122.629913330078
2022,2022-07-14,115.87999725341797,17238.509910583496
2022,2022-07-15,118.83000183105469,17357.33991241455
2022,2022-07-18,115.11000061035156,17472.449913024902
2022,2022-07-19,119.05999755859375,17591.509910583496
2022,2022-07-20,119.86000061035156,17711.369911193848
2022,2022-07-21,127.19000244140625,17838.559913635254
2022,2022-07-22,125.04000091552734,17963.59991455078
2022,2022-07-25,124.26000213623047,18087.85991668701
2022,2022-07-26,125.16999816894531,18213.029914855957
2022,2022-07-27,127.70999908447266,18340.73991394043
2022,2022-07-28,131.11000061035156,18471.84991455078
2022,2022-07-29,134.10000610351562,18605.949920654297
2022,2022-08-01,133.42999267578125,18739.379913330078
2022,2022-08-02,131.27999877929688,18870.659912109375
2022,2022-08-03,134.55999755859375,19005.21990966797
2022,2022-08-04,133.77000427246094,19138.98991394043
2022,2022-08-05,133.61000061035156,19272.59991455078
2022,2022-08-08,132.52000427246094,19405.119918823242
2022,2022-08-09,128.8800048828125,19533.999923706055
2022,2022-08-10,132.5800018310547,19666.57992553711
2022,2022-08-11,131.9499969482422,19798.52992248535
2022,2022-08-12,133.5500030517578,19932.07992553711
2022,2022-08-15,133.89999389648438,20065.979919433594
2022,2022-08-16,132.77000427246094,20198.749923706055
2022,2022-08-17,142.2899932861328,20341.039916992188
2022,2022-08-18,139.97000122070312,20481.00991821289
2022,2022-08-19,137.6199951171875,20618.629913330078
2022,2022-08-22,133.94000244140625,20752.569915771484
2022,2022-08-23,132.63999938964844,20885.209915161133
2022,2022-08-24,133.6699981689453,21018.879913330078
2022,2022-08-25,136.00999450683594,21154.889907836914
2022,2022-08-26,129.8699951171875,21284.7599029541
2022,2022-08-29,128.11000061035156,21412.869903564453
2022,2022-08-30,128.27999877929688,21541.14990234375
2022,2022-08-31,128.25,21669.39990234375
2022,2022-09-01,128.92999267578125,21798.32989501953
2022,2022-09-02,128.00999450683594,21926.339889526367
2022,2022-09-06,129.3000030517578,22055.639892578125
2022,2022-09-07,131.42999267578125,22187.069885253906
2022,2022-09-08,135.19000244140625,22322.259887695312
2022,2022-09-09,137.6300048828125,22459.889892578125
2022,2022-09-12,139.8699951171875,22599.759887695312
2022,2022-09-13,133.5399932861328,22733.299880981445
2022,2022-09-14,133.25,22866.549880981445
2022,2022-09-15,133.16000366210938,22999.709884643555
2022,2022-09-16,129.88999938964844,23129.599884033203
2022,2022-09-19,130.72000122070312,23260.319885253906
2022,2022-09-20,128.13999938964844,23388.459884643555
2022,2022-09-21,126.4800033569336,23514.93988800049
2022,2022-09-22,124.38999938964844,23639.329887390137
2022,2022-09-23,123.4800033569336,23762.80989074707
2022,2022-09-26,122.30999755859375,23885.119888305664
2022,2022-09-27,121.61000061035156,24006.729888916016
2022,2022-09-28,123.72000122070312,24130.44989013672
2022,2022-09-29,122.73999786376953,24253.18988800049
2022,2022-09-30,121.55000305175781,24374.739891052246
2022,2022-10-03,126.37999725341797,24501.119888305664
2022,2022-10-04,131.41000366210938,24632.529891967773
2022,2022-10-05,132.63999938964844,24765.169891357422
2022,2022-10-06,132.17999267578125,24897.349884033203
2022,2022-10-07,127.44000244140625,25024.78988647461
2022,2022-10-10,125.94999694824219,25150.73988342285
2022,2022-10-11,125.63999938964844,25276.3798828125
2022,2022-10-12,125.69000244140625,25402.069885253906
2022,2022-10-13,127.9000015258789,25529.969886779785
2022,2022-10-14,125.69999694824219,25655.669883728027
2022,2022-10-17,130.55999755859375,25786.22988128662
2022,2022-10-18,132.3000030517578,25918.52988433838
2022,2022-10-19,128.9600067138672,26047.489891052246
2022,2022-10-20,125.94000244140625,26173.429893493652
2022,2022-10-21,129.8800048828125,26303.309898376465
2022,2022-10-24,132.3000030517578,26435.609901428223
2022,2022-10-25,134.5,26570.109901428223
2022,2022-10-26,137.69000244140625,26707.79990386963
2022,2022-10-27,136.49000549316406,26844.289909362793
2022,2022-10-28,138.77000427246094,26983.059913635254
2022,2022-10-31,138.35000610351562,27121.40991973877
2022,2022-11-01,140.88999938964844,27262.299919128418
2022,2022-11-02,135.27000427246094,27397.56992340088
2022,2022-11-03,134.4600067138672,27532.029930114746
2022,2022-11-04,136.0800018310547,27668.1099319458
2022,2022-11-07,138.02999877929688,27806.139930725098
2022,2022-11-08,138.75,27944.889930725098
2022,2022-11-09,137.0,28081.889930725098
2022,2022-11-10,146.3000030517578,28228.189933776855
2022,2022-11-11,148.30999755859375,28376.49993133545
2022,2022-11-14,146.3800048828125,28522.87993621826
2022,2022-11-15,148.0,28670.87993621826
2022,2022-11-16,147.1199951171875,28817.99993133545
2022,2022-11-17,144.44000244140625,28962.439933776855
2022,2022-11-18,146.19000244140625,29108.62993621826
2022,2022-11-21,145.13999938964844,29253.76993560791
2022,2022-11-22,156.86000061035156,29410.62993621826
2022,2022-11-23,155.35000610351562,29565.979942321777
2022,2022-11-25,156.9600067138672,29722.939949035645
2022,2022-11-28,152.3000030517578,29875.239952087402
2022,2022-11-29,150.94000244140625,30026.17995452881
2022,2022-11-30,154.97999572753906,30181.159950256348
2022,2022-12-01,156.1199951171875,30337.279945373535
2022,2022-12-02,155.6699981689453,30492.94994354248
2022,2022-12-05,152.6999969482422,30645.649940490723
2022,2022-12-06,151.35000610351562,30796.99994659424
2022,2022-12-07,153.72999572753906,30950.729942321777
2022,2022-12-08,156.27999877929688,31107.009941101074
2022,2022-12-09,152.9499969482422,31259.959938049316
2022,2022-12-12,155.24000549316406,31415.19994354248
